{
  "preset": "club",
  "sr": 48000,
  "target_lufs_requested": -10.6,
  "governor_target_lufs": -12.399999999999999,
  "governor_steps": 11,
  "governor_gr_limit_db": -1.8,
  "lufs_pre": -17.89348480616799,
  "lufs_post": -16.152323819130558,
  "true_peak_dbfs": -0.9999991282316669,
  "limiter_mode": "v2",
  "limiter_min_gain_db": -9.359094709169163,
  "limiter_avg_gr_db": -2.674592567085547,
  "sub_f0_hz": 82.58056640625,
  "mono_sub_cutoff_hz": 110.0,
  "mono_sub_mix": 0.64,
  "microdetail": {
    "enabled": 1.0,
    "corr": 0.9160416504619568,
    "guard": 1.0,
    "eff_amount": 0.22,
    "threshold_db": -34.0,
    "max_boost_db": 3.5,
    "mix": 0.65
  },
  "movement": {
    "enabled": true,
    "amount": 0.1
  },
  "hooklift": {
    "enabled": true,
    "mix": 0.22,
    "mix_requested": 0.22,
    "guard": 1.0,
    "corr_hi": 0.9088154539952085,
    "air_hz": 7200.0,
    "width_gain": 0.18,
    "air_gain": 0.14,
    "auto": true,
    "auto_percentile": 75.0
  },
  "stems": {
    "enabled": true,
    "model_name": "htdemucs",
    "device": "cpu",
    "split": true,
    "overlap": 0.25,
    "shifts": 1,
    "model_sr": 48000,
    "sr": 48000,
    "sources": [
      "drums",
      "bass",
      "other",
      "vocals"
    ]
  },
  "transient_sculpt": {
    "enabled": true,
    "boost_db": 2.7624196099582665,
    "mix": 0.42,
    "crest_db": 15.773871002392433,
    "guard": 0.9865784321279524,
    "max_transient_gain_db": 2.7624197006225586
  },
  "groove_sculpt": {
    "enabled": true,
    "tempo_bpm": 160.71428571428572,
    "beat_count": 382,
    "mean_mix": 0.04922623559832573,
    "max_mix": 0.30000001192092896,
    "transient": {
      "enabled": true,
      "boost_db": 2.284413236587864,
      "mix": 0.8,
      "crest_db": 16.03083931261324,
      "guard": 0.9518388485782767,
      "max_transient_gain_db": 2.2844133377075195
    }
  },
  "sub_phase_guard2": {
    "enabled": false,
    "cutoff_hz": 120.0,
    "side_ratio": 0.01689184683676013,
    "corr": 0.9994294956727503,
    "reduction": 0.0
  },
  "resampler_usage": {
    "soxr": 2
  },
  "runtime_sec": 792.9672994613647,
  "out_path": "C:\\Users\\goku\\Documents\\SS-hangman-game\\backend\\data\\jobs\\e3f97caac22e4e3da0c434a4eed64d16\\output\\mastered.wav",
  "report_path": "C:\\Users\\goku\\Documents\\SS-hangman-game\\backend\\data\\jobs\\e3f97caac22e4e3da0c434a4eed64d16\\output\\report.json"
}